<p><a href="/wiki/File:Th18Reimu.png" class="image" title="Reimu Hakurei"><img alt="Reimu Hakurei" src="/images/thumb/c/c8/Th18Reimu.png/278px-Th18Reimu.png" width="278" height="300" srcset="/images/thumb/c/c8/Th18Reimu.png/417px-Th18Reimu.png 1.5x, /images/thumb/c/c8/Th18Reimu.png/556px-Th18Reimu.png 2x"></a><br> Along with: <a href="/wiki/Yin-Yang_Orb" title="Yin-Yang Orb">Yin-Yang Orb</a> 
 <a href="/wiki/Hakurei_God" title="Hakurei God">Hakurei God</a></p>
<p><a href="/wiki/File:Th18Marisa.png" class="image" title="Marisa Kirisame"><img alt="Marisa Kirisame" src="/images/thumb/c/cd/Th18Marisa.png/278px-Th18Marisa.png" width="278" height="300" srcset="/images/thumb/c/cd/Th18Marisa.png/416px-Th18Marisa.png 1.5x, /images/thumb/c/cd/Th18Marisa.png/555px-Th18Marisa.png 2x"></a></p>
<p><a href="/wiki/SinGyoku" title="SinGyoku">SinGyoku</a> 
 <a href="/wiki/YuugenMagan" title="YuugenMagan">YuugenMagan</a> 
 <a href="/wiki/Elis" title="Elis">Elis</a> 
 <a href="/wiki/Sariel" title="Sariel">Sariel</a> 
 <a href="/wiki/Mima" title="Mima">Mima</a> 
 <a href="/wiki/Kikuri" title="Kikuri">Kikuri</a> 
 <a href="/wiki/Konngara" title="Konngara">Konngara</a></p>
<p><a href="/wiki/Genjii" title="Genjii">Genjii</a> 
 <a href="/wiki/Rika" title="Rika">Rika</a> 
 <a href="/wiki/Noroiko" title="Noroiko">Noroiko</a>✱ 
 <a href="/wiki/Meira" title="Meira">Meira</a> 
 <a href="/wiki/Two_Red_Dots" title="Two Red Dots">Two Red Dots</a>✱ 
 <a href="/wiki/Blood-Vessel_Yin-Yang_Orbs" title="Blood-Vessel Yin-Yang Orbs">Blood-Vessel Yin-Yang Orbs</a>✱ 
 <a href="/wiki/Five_Magic_Stones" title="Five Magic Stones">Five Magic Stones</a>✱ 
 <a href="/wiki/Matenshi" title="Matenshi">Matenshi</a>✱ 
 <a href="/wiki/Evil_Eye_%CE%A3" title="Evil Eye Σ">Evil Eye Σ</a></p>
<p><a href="/wiki/Ellen" title="Ellen">Ellen</a> 
 <a href="/wiki/Kotohime" title="Kotohime">Kotohime</a> 
 <a href="/wiki/Kana_Anaberal" title="Kana Anaberal">Kana Anaberal</a> 
 <a href="/wiki/Rikako_Asakura" title="Rikako Asakura">Rikako Asakura</a> 
 <a href="/wiki/Chiyuri_Kitashirakawa" title="Chiyuri Kitashirakawa">Chiyuri Kitashirakawa</a> 
 <a href="/wiki/Yumemi_Okazaki" title="Yumemi Okazaki">Yumemi Okazaki</a> 
 (<a href="/wiki/Minor_Characters#Sokrates" title="Minor Characters">Sokrates</a> 
 <a href="/wiki/Ruukoto" title="Ruukoto">Ruukoto</a> 
 <a href="/wiki/Minor_Characters#Multi" title="Minor Characters">Multi</a> 
 <a href="/wiki/Minor_Characters#Mimi-Chan" title="Minor Characters">Mimi-Chan</a>)</p>
<p><a href="/wiki/Bewitching_Lotus_Flower" title="Bewitching Lotus Flower">Bewitching Lotus Flower</a>✱ 
 <a href="/wiki/Orange" title="Orange">Orange</a> 
 <a href="/wiki/Kurumi" title="Kurumi">Kurumi</a> 
 <a href="/wiki/Dark_Mirror" title="Dark Mirror">Dark Mirror</a>✱ 
 <a href="/wiki/Elly" title="Elly">Elly</a> 
 <a href="/wiki/Hikariko" title="Hikariko">Hikariko</a>✱ 
 <a href="/wiki/Yuuka_Kazami" title="Yuuka Kazami">Yuuka Kazami</a> 
 <a href="/wiki/Mysterious_Orb" title="Mysterious Orb">Mysterious Orb</a>✱ 
 <a href="/wiki/Mugetsu" title="Mugetsu">Mugetsu</a> 
 <a href="/wiki/Gengetsu" title="Gengetsu">Gengetsu</a></p>
<p><a href="/wiki/Wheel_Demon" title="Wheel Demon">Wheel Demon</a>✱ 
 <a href="/wiki/Sara" title="Sara">Sara</a> 
 <a href="/wiki/Spirit_Mirror" title="Spirit Mirror">Spirit Mirror</a>✱ 
 <a href="/wiki/Louise" title="Louise">Louise</a> 
 <a href="/wiki/Alice_Margatroid" title="Alice Margatroid">Alice Margatroid</a> 
 <a href="/wiki/Yuki" title="Yuki">Yuki</a> 
 <a href="/wiki/Mai" title="Mai">Mai</a> 
 <a href="/wiki/Ayana" title="Ayana">Ayana</a>✱ 
 <a href="/wiki/Yumeko" title="Yumeko">Yumeko</a> 
 <a href="/wiki/Shinki" title="Shinki">Shinki</a> 
 <a href="/wiki/Trump_King" title="Trump King">Trump King</a>✱ (<a href="/wiki/Minor_Characters#Unnamed_cat_on_MS_cover" title="Minor Characters">Unnamed cat on cover</a>✱ 
 <a href="/wiki/Minor_Characters#Unnamed_Makai_residents_in_Reimu.27s_Ending_of_MS" title="Minor Characters">Unnamed Makai residents in Reimu's Ending</a>✱)</p>
<p><a href="/wiki/Rumia" title="Rumia">Rumia</a> 
 <a href="/wiki/Daiyousei" title="Daiyousei">Daiyousei</a>✱ 
 <a href="/wiki/Cirno" title="Cirno">Cirno</a> 
 <a href="/wiki/Hong_Meiling" title="Hong Meiling">Hong Meiling</a> 
 <a href="/wiki/Koakuma" title="Koakuma">Koakuma</a>✱ 
 <a href="/wiki/Patchouli_Knowledge" title="Patchouli Knowledge">Patchouli Knowledge</a> 
 <a href="/wiki/Sakuya_Izayoi" title="Sakuya Izayoi">Sakuya Izayoi</a> 
 <a href="/wiki/Remilia_Scarlet" title="Remilia Scarlet">Remilia Scarlet</a> 
 <a href="/wiki/Flandre_Scarlet" title="Flandre Scarlet">Flandre Scarlet</a> 
 (<a href="/wiki/Rin_Satsuki" title="Rin Satsuki">Rin Satsuki</a>)</p>
<p><a href="/wiki/Letty_Whiterock" title="Letty Whiterock">Letty Whiterock</a> 
 <a href="/wiki/Chen" title="Chen">Chen</a> 
 <a href="/wiki/Lily_White" title="Lily White">Lily White</a> 
 <a href="/wiki/Prismriver_Sisters" title="Prismriver Sisters">Prismriver Sisters</a> (<a href="/wiki/Lyrica_Prismriver" title="Lyrica Prismriver">Lyrica Prismriver</a> 
 <a href="/wiki/Lunasa_Prismriver" title="Lunasa Prismriver">Lunasa Prismriver</a> 
 <a href="/wiki/Merlin_Prismriver" title="Merlin Prismriver">Merlin Prismriver</a>) 
 <a href="/wiki/Youmu_Konpaku" title="Youmu Konpaku">Youmu Konpaku</a> 
 <a href="/wiki/Yuyuko_Saigyouji" title="Yuyuko Saigyouji">Yuyuko Saigyouji</a> 
 <a href="/wiki/Ran_Yakumo" title="Ran Yakumo">Ran Yakumo</a> 
 <a href="/wiki/Yukari_Yakumo" title="Yukari Yakumo">Yukari Yakumo</a> 
 (<a href="/wiki/Shanghai_Doll" title="Shanghai Doll">Shanghai Doll</a> 
 <a href="/wiki/Hourai_Doll" class="mw-redirect" title="Hourai Doll">Hourai Doll</a> 
 <a href="/wiki/Layla_Prismriver" title="Layla Prismriver">Layla Prismriver</a> 
 <a href="/wiki/Youki_Konpaku" title="Youki Konpaku">Youki Konpaku</a> 
 <a href="/wiki/Saigyou_Ayakashi" title="Saigyou Ayakashi">Saigyou Ayakashi</a>)</p>
<p><a href="/wiki/Suika_Ibuki" title="Suika Ibuki">Suika Ibuki</a></p>
<p><a href="/wiki/Wriggle_Nightbug" title="Wriggle Nightbug">Wriggle Nightbug</a> 
 <a href="/wiki/Mystia_Lorelei" title="Mystia Lorelei">Mystia Lorelei</a> 
 <a href="/wiki/Keine_Kamishirasawa" title="Keine Kamishirasawa">Keine Kamishirasawa</a> 
 <a href="/wiki/Tewi_Inaba" title="Tewi Inaba">Tewi Inaba</a> 
 <a href="/wiki/Reisen_Udongein_Inaba" title="Reisen Udongein Inaba">Reisen Udongein Inaba</a> 
 <a href="/wiki/Eirin_Yagokoro" title="Eirin Yagokoro">Eirin Yagokoro</a> 
 <a href="/wiki/Kaguya_Houraisan" title="Kaguya Houraisan">Kaguya Houraisan</a> 
 <a href="/wiki/Fujiwara_no_Mokou" title="Fujiwara no Mokou">Fujiwara no Mokou</a></p>
<p><a href="/wiki/Aya_Shameimaru" title="Aya Shameimaru">Aya Shameimaru</a> 
 <a href="/wiki/Medicine_Melancholy" title="Medicine Melancholy">Medicine Melancholy</a> 
 <a href="/wiki/Komachi_Onozuka" title="Komachi Onozuka">Komachi Onozuka</a> 
 <a href="/wiki/Eiki_Shiki,_Yamaxanadu" title="Eiki Shiki, Yamaxanadu">Eiki Shiki, Yamaxanadu</a></p>
<p><a href="/wiki/Shizuha_Aki" title="Shizuha Aki">Shizuha Aki</a> 
 <a href="/wiki/Minoriko_Aki" title="Minoriko Aki">Minoriko Aki</a> 
 <a href="/wiki/Hina_Kagiyama" title="Hina Kagiyama">Hina Kagiyama</a> 
 <a href="/wiki/Nitori_Kawashiro" title="Nitori Kawashiro">Nitori Kawashiro</a> 
 <a href="/wiki/Momiji_Inubashiri" title="Momiji Inubashiri">Momiji Inubashiri</a> 
 <a href="/wiki/Sanae_Kochiya" title="Sanae Kochiya">Sanae Kochiya</a> 
 <a href="/wiki/Kanako_Yasaka" title="Kanako Yasaka">Kanako Yasaka</a> 
 <a href="/wiki/Suwako_Moriya" title="Suwako Moriya">Suwako Moriya</a> 
 (<a href="/wiki/Tenma" title="Tenma">Tenma</a> 
 <a href="/wiki/Mishaguji" title="Mishaguji">Mishaguji</a>)</p>
<p><a href="/wiki/Iku_Nagae" title="Iku Nagae">Iku Nagae</a> 
 <a href="/wiki/Tenshi_Hinanawi" title="Tenshi Hinanawi">Tenshi Hinanawi</a><br></p>
<p><a href="/wiki/Kisume" title="Kisume">Kisume</a> 
 <a href="/wiki/Yamame_Kurodani" title="Yamame Kurodani">Yamame Kurodani</a> 
 <a href="/wiki/Parsee_Mizuhashi" title="Parsee Mizuhashi">Parsee Mizuhashi</a> 
 <a href="/wiki/Yuugi_Hoshiguma" title="Yuugi Hoshiguma">Yuugi Hoshiguma</a> 
 <a href="/wiki/Satori_Komeiji" title="Satori Komeiji">Satori Komeiji</a> 
 <a href="/wiki/Rin_Kaenbyou" title="Rin Kaenbyou">Rin Kaenbyou</a> 
 <a href="/wiki/Utsuho_Reiuji" title="Utsuho Reiuji">Utsuho Reiuji</a> 
 <a href="/wiki/Koishi_Komeiji" title="Koishi Komeiji">Koishi Komeiji</a></p>
<p><a href="/wiki/Nazrin" title="Nazrin">Nazrin</a> 
 <a href="/wiki/Kogasa_Tatara" title="Kogasa Tatara">Kogasa Tatara</a> 
 <a href="/wiki/Ichirin_Kumoi" title="Ichirin Kumoi">Ichirin Kumoi</a> 
 <a href="/wiki/Unzan" title="Unzan">Unzan</a> 
 <a href="/wiki/Minamitsu_Murasa" title="Minamitsu Murasa">Minamitsu Murasa</a> 
 <a href="/wiki/Shou_Toramaru" title="Shou Toramaru">Shou Toramaru</a> 
 <a href="/wiki/Byakuren_Hijiri" title="Byakuren Hijiri">Byakuren Hijiri</a> 
 <a href="/wiki/Nue_Houjuu" title="Nue Houjuu">Nue Houjuu</a> 
 (<a href="/wiki/Bishamonten" title="Bishamonten">Bishamonten</a> 
 <a href="/wiki/Myouren_Hijiri" title="Myouren Hijiri">Myouren Hijiri</a>)</p>
<p><a href="/wiki/Goliath_Doll" title="Goliath Doll">Goliath Doll</a> 
 <a href="/wiki/Giant_Catfish" title="Giant Catfish">Giant Catfish</a>✱ 
 (<a href="/wiki/Hisoutensoku" title="Hisoutensoku">Hisoutensoku</a> 
 <a href="/wiki/Taisui_Xingjun" title="Taisui Xingjun">Taisui Xingjun</a>)</p>
<p><a href="/wiki/Hatate_Himekaidou" title="Hatate Himekaidou">Hatate Himekaidou</a></p>
<p><a href="/wiki/Kyouko_Kasodani" title="Kyouko Kasodani">Kyouko Kasodani</a> 
 <a href="/wiki/Yoshika_Miyako" title="Yoshika Miyako">Yoshika Miyako</a> 
 <a href="/wiki/Seiga_Kaku" title="Seiga Kaku">Seiga Kaku</a> 
 <a href="/wiki/Soga_no_Tojiko" title="Soga no Tojiko">Soga no Tojiko</a> 
 <a href="/wiki/Mononobe_no_Futo" title="Mononobe no Futo">Mononobe no Futo</a> 
 <a href="/wiki/Toyosatomimi_no_Miko" title="Toyosatomimi no Miko">Toyosatomimi no Miko</a> 
 <a href="/wiki/Mamizou_Futatsuiwa" title="Mamizou Futatsuiwa">Mamizou Futatsuiwa</a></p>
<p><a href="/wiki/Hata_no_Kokoro" title="Hata no Kokoro">Hata no Kokoro</a></p>
<p><a href="/wiki/Wakasagihime" title="Wakasagihime">Wakasagihime</a> 
 <a href="/wiki/Sekibanki" title="Sekibanki">Sekibanki</a> 
 <a href="/wiki/Kagerou_Imaizumi" title="Kagerou Imaizumi">Kagerou Imaizumi</a> 
 <a href="/wiki/Benben_Tsukumo" title="Benben Tsukumo">Benben Tsukumo</a> 
 <a href="/wiki/Yatsuhashi_Tsukumo" title="Yatsuhashi Tsukumo">Yatsuhashi Tsukumo</a> 
 <a href="/wiki/Seija_Kijin" title="Seija Kijin">Seija Kijin</a> 
 <a href="/wiki/Shinmyoumaru_Sukuna" title="Shinmyoumaru Sukuna">Shinmyoumaru Sukuna</a> 
 <a href="/wiki/Raiko_Horikawa" title="Raiko Horikawa">Raiko Horikawa</a></p>
<p><a href="/wiki/Sumireko_Usami" title="Sumireko Usami">Sumireko Usami</a></p>
<p><a href="/wiki/Seiran" title="Seiran">Seiran</a> 
 <a href="/wiki/Ringo" title="Ringo">Ringo</a> 
 <a href="/wiki/Doremy_Sweet" title="Doremy Sweet">Doremy Sweet</a> 
 <a href="/wiki/Sagume_Kishin" title="Sagume Kishin">Sagume Kishin</a> 
 <a href="/wiki/Clownpiece" title="Clownpiece">Clownpiece</a> 
 <a href="/wiki/Junko" title="Junko">Junko</a> 
 <a href="/wiki/Hecatia_Lapislazuli" title="Hecatia Lapislazuli">Hecatia Lapislazuli</a></p>
<p><a href="/wiki/Joon_Yorigami" title="Joon Yorigami">Joon Yorigami</a> 
 <a href="/wiki/Shion_Yorigami" title="Shion Yorigami">Shion Yorigami</a></p>
<p><a href="/wiki/Eternity_Larva" title="Eternity Larva">Eternity Larva</a> 
 <a href="/wiki/Nemuno_Sakata" title="Nemuno Sakata">Nemuno Sakata</a> 
 <a href="/wiki/Aunn_Komano" title="Aunn Komano">Aunn Komano</a> 
 <a href="/wiki/Narumi_Yatadera" title="Narumi Yatadera">Narumi Yatadera</a> 
 <a href="/wiki/Satono_Nishida" title="Satono Nishida">Satono Nishida</a> 
 <a href="/wiki/Mai_Teireida" title="Mai Teireida">Mai Teireida</a> 
 <a href="/wiki/Okina_Matara" title="Okina Matara">Okina Matara</a></p>
<p><a href="/wiki/Eika_Ebisu" title="Eika Ebisu">Eika Ebisu</a> 
 <a href="/wiki/Urumi_Ushizaki" title="Urumi Ushizaki">Urumi Ushizaki</a> 
 <a href="/wiki/Kutaka_Niwatari" title="Kutaka Niwatari">Kutaka Niwatari</a> 
 <a href="/wiki/Yachie_Kicchou" title="Yachie Kicchou">Yachie Kicchou</a> 
 <a href="/wiki/Mayumi_Joutouguu" title="Mayumi Joutouguu">Mayumi Joutouguu</a> 
 <a href="/wiki/Keiki_Haniyasushin" title="Keiki Haniyasushin">Keiki Haniyasushin</a> 
 <a href="/wiki/Saki_Kurokoma" title="Saki Kurokoma">Saki Kurokoma</a></p>
<p><a href="/wiki/Yuuma_Toutetsu" title="Yuuma Toutetsu">Yuuma Toutetsu</a></p>
<p><a href="/wiki/Mike_Goutokuji" title="Mike Goutokuji">Mike Goutokuji</a> 
 <a href="/wiki/Takane_Yamashiro" title="Takane Yamashiro">Takane Yamashiro</a> 
 <a href="/wiki/Sannyo_Komakusa" title="Sannyo Komakusa">Sannyo Komakusa</a> 
 <a href="/wiki/Misumaru_Tamatsukuri" title="Misumaru Tamatsukuri">Misumaru Tamatsukuri</a> 
 <a href="/wiki/Tsukasa_Kudamaki" title="Tsukasa Kudamaki">Tsukasa Kudamaki</a> 
 <a href="/wiki/Megumu_Iizunamaru" title="Megumu Iizunamaru">Megumu Iizunamaru</a> 
 <a href="/wiki/Chimata_Tenkyuu" title="Chimata Tenkyuu">Chimata Tenkyuu</a> 
 <a href="/wiki/Momoyo_Himemushi" title="Momoyo Himemushi">Momoyo Himemushi</a></p>
<p><a href="/wiki/Rinnosuke_Morichika" title="Rinnosuke Morichika">Rinnosuke Morichika</a> 
 <a href="/wiki/Tokiko" title="Tokiko">Tokiko</a>✱ 
 <a href="/wiki/Marisa%27s_unnamed_father" title="Marisa's unnamed father">Marisa's unnamed father</a>✱</p>
<p><a href="/wiki/Three_Mischievous_Fairies" class="mw-redirect" title="Three Mischievous Fairies">Three Mischievous Fairies</a> (<a href="/wiki/Luna_Child" title="Luna Child">Luna Child</a> 
 <a href="/wiki/Star_Sapphire" title="Star Sapphire">Star Sapphire</a> 
 <a href="/wiki/Sunny_Milk" title="Sunny Milk">Sunny Milk</a>) 
 <a href="/wiki/Minor_Characters#Tsuchinoko" title="Minor Characters">Tsuchinoko</a>✱ 
 <a href="/wiki/Sake_Bug" title="Sake Bug">Sake Bug</a>✱ 
 <a href="/wiki/Minor_Characters#Unnamed_bake-danuki" title="Minor Characters">Unnamed bake-danuki</a>✱ 
 <a href="/wiki/Minor_Characters#Unnamed_okuri-inu" title="Minor Characters">Unnamed okuri-inu</a>✱</p>
<p><a href="/wiki/Reisen" title="Reisen">Reisen</a> 
 <a href="/wiki/Minor_Characters#Gateguards_of_the_Lunar_Capital" title="Minor Characters">Gateguards of the Lunar Capital</a>✱ 
 <a href="/wiki/Watatsuki_no_Toyohime" title="Watatsuki no Toyohime">Watatsuki no Toyohime</a> 
 <a href="/wiki/Watatsuki_no_Yorihime" title="Watatsuki no Yorihime">Watatsuki no Yorihime</a> 
 <a href="/wiki/Chang%27e" title="Chang'e">Chang'e</a> 
 <a href="/wiki/Lord_Tsukuyomi" title="Lord Tsukuyomi">Lord Tsukuyomi</a> 
 <a href="/wiki/Mizue_no_Uranoshimako" title="Mizue no Uranoshimako">Mizue no Uranoshimako</a> 
 <a href="/wiki/Iwakasa" title="Iwakasa">Iwakasa</a> 
 <a href="/wiki/Konohana-Sakuyahime" title="Konohana-Sakuyahime">Konohana-Sakuyahime</a> 
 <a href="/wiki/Iwanagahime" title="Iwanagahime">Iwanagahime</a></p>
<p><a href="/wiki/Kasen_Ibaraki" title="Kasen Ibaraki">Kasen Ibaraki</a> 
 <a href="/wiki/Minor_Characters#Koutei" title="Minor Characters">Koutei</a> 
‎ <a href="/wiki/Minor_Characters#Mukou" title="Minor Characters">Mukou</a> 
 <a href="/wiki/Shirou_Sendai" title="Shirou Sendai">Shirou Sendai</a> 
 <a href="/wiki/Unnamed_kuda-gitsune" title="Unnamed kuda-gitsune">Unnamed kuda-gitsune</a>✱ 
 <a href="/wiki/Minor_Characters#Kume" title="Minor Characters">Kume</a> 
 <a href="/wiki/Minor_Characters#Kanda" title="Minor Characters">Kanda</a> 
 <a href="/wiki/Minor_Characters#Houso" title="Minor Characters">Houso</a> 
 <a href="/wiki/Minor_Characters#Suiki" title="Minor Characters">Suiki</a> 
 <a href="/wiki/Unshou" title="Unshou">Unshou</a></p>
<p><a href="/wiki/Kosuzu_Motoori" title="Kosuzu Motoori">Kosuzu Motoori</a> 
 <a href="/wiki/Minor_Characters#Kosuzu.27s_Grandfather" title="Minor Characters">Kosuzu's Grandpa</a>✱ 
 <a href="/wiki/Minor_Characters#Tupai" title="Minor Characters">Tupai</a> 
 <a href="/wiki/Minor_Characters#Evil_Dragon" title="Minor Characters">Evil Dragon</a></p>
<p><a href="/wiki/Mizuchi_Miyadeguchi" title="Mizuchi Miyadeguchi">Mizuchi Miyadeguchi</a></p>
<p><a href="/wiki/Miyoi_Okunoda" title="Miyoi Okunoda">Miyoi Okunoda</a> 
 <a href="/wiki/Minor_Characters#Geidontei.27s_Owner" title="Minor Characters">Geidontei's Owner</a>✱ 
 <a href="/wiki/Minor_Characters#Geidontei_Regulars" title="Minor Characters">Geidontei Regulars</a>✱</p>
<p><a href="/wiki/Minor_Characters#Giant_Toad" title="Minor Characters">Giant Toad</a>✱ 
 <a href="/index.php?title=Daitengu&amp;action=edit&amp;redlink=1" class="new" title="Daitengu (page does not exist)">Daitengu</a>✱</p>
